<?xml version="1.0" encoding="UTF-8"?>
<FindBugsFilter>
    <!-- http://stackoverflow.com/questions/7568579/eclipsefindbugs-exclude-filter-files-doesnt-work -->
    <Match>
        <Class name="~.*\.R\$.*"/>
    </Match>
    <Match>
        <Class name="~.*\.Manifest\$.*"/>
    </Match>
    <!-- All bugs in test classes, except for JUnit-specific bugs -->
    <Match>
        <Class name="~.*\.*Test" />
        <Not>
            <Bug code="IJU" />
        </Not>
    </Match>

    <!--<Match>-->
        <!--<Package name="com.actionbarsherlock.internal.nineoldandroids.animation" />-->
    <!--</Match>-->

    <!--<Match>-->
        <!--<Package name="com.actionbarsherlock.view" />-->
    <!--</Match>-->

    <!--<Match>-->
        <!--<Package name="com.actionbarsherlock.internal.widget" />-->
    <!--</Match>-->

</FindBugsFilter>